Date,Name,Price,URL
2015-02-18,Matalin Coat,$299.00,http://www.clubmonaco.com/product/index.jsp?productId=45602436
2015-02-18,Chelsey Calf Hair Coat,$549.00,http://www.clubmonaco.com/product/index.jsp?productId=43893976
2015-02-18,Wayland Cardigan,$329.00,http://www.clubmonaco.com/product/index.jsp?productId=53008816
2015-02-18,Yamisella Cashmere Wrap,$349.00,http://www.clubmonaco.com/product/index.jsp?productId=52816966
2015-02-19,Matalin Coat,$299.00,http://www.clubmonaco.com/product/index.jsp?productId=45602436
2015-02-19,Chelsey Calf Hair Coat,$549.00,http://www.clubmonaco.com/product/index.jsp?productId=43893976
2015-02-19,Wayland Cardigan,$329.00,http://www.clubmonaco.com/product/index.jsp?productId=53008816
2015-02-19,Yamisella Cashmere Wrap,$349.00,http://www.clubmonaco.com/product/index.jsp?productId=52816966
2015-02-20,Matalin Coat,$299.00,http://www.clubmonaco.com/product/index.jsp?productId=45602436
2015-02-20,Chelsey Calf Hair Coat,$549.00,http://www.clubmonaco.com/product/index.jsp?productId=43893976
2015-02-20,Wayland Cardigan,$329.00,http://www.clubmonaco.com/product/index.jsp?productId=53008816
2015-02-20,Yamisella Cashmere Wrap,$349.00,http://www.clubmonaco.com/product/index.jsp?productId=52816966
2015-02-21,Matalin Coat,$299.00,http://www.clubmonaco.com/product/index.jsp?productId=45602436
2015-02-21,Chelsey Calf Hair Coat,$549.00,http://www.clubmonaco.com/product/index.jsp?productId=43893976
2015-02-21,Wayland Cardigan,$329.00,http://www.clubmonaco.com/product/index.jsp?productId=53008816
2015-02-21,Yamisella Cashmere Wrap,$349.00,http://www.clubmonaco.com/product/index.jsp?productId=52816966
2015-02-23,Matalin Coat,$299.00,http://www.clubmonaco.com/product/index.jsp?productId=45602436
2015-02-23,Chelsey Calf Hair Coat,$549.00,http://www.clubmonaco.com/product/index.jsp?productId=43893976
2015-02-23,Wayland Cardigan,$329.00,http://www.clubmonaco.com/product/index.jsp?productId=53008816
2015-02-23,Yamisella Cashmere Wrap,$349.00,http://www.clubmonaco.com/product/index.jsp?productId=52816966
2015-02-24,Matalin Coat,$299.00,http://www.clubmonaco.com/product/index.jsp?productId=45602436
2015-02-24,Chelsey Calf Hair Coat,$549.00,http://www.clubmonaco.com/product/index.jsp?productId=43893976
2015-02-24,Wayland Cardigan,$329.00,http://www.clubmonaco.com/product/index.jsp?productId=53008816
2015-02-24,Yamisella Cashmere Wrap,$349.00,http://www.clubmonaco.com/product/index.jsp?productId=52816966
2015-02-25,Matalin Coat,$299.00,http://www.clubmonaco.com/product/index.jsp?productId=45602436
2015-02-25,Chelsey Calf Hair Coat,$549.00,http://www.clubmonaco.com/product/index.jsp?productId=43893976
2015-02-25,Wayland Cardigan,$329.00,http://www.clubmonaco.com/product/index.jsp?productId=53008816
2015-02-25,Yamisella Cashmere Wrap,$349.00,http://www.clubmonaco.com/product/index.jsp?productId=52816966
2015-02-26,Matalin Coat,$299.00,http://www.clubmonaco.com/product/index.jsp?productId=45602436
2015-02-26,Chelsey Calf Hair Coat,$549.00,http://www.clubmonaco.com/product/index.jsp?productId=43893976
2015-02-26,Wayland Cardigan,$329.00,http://www.clubmonaco.com/product/index.jsp?productId=53008816
2015-02-26,Yamisella Cashmere Wrap,$349.00,http://www.clubmonaco.com/product/index.jsp?productId=52816966
2015-02-28,Matalin Coat,$299.00,http://www.clubmonaco.com/product/index.jsp?productId=45602436
2015-02-28,Chelsey Calf Hair Coat,$549.00,http://www.clubmonaco.com/product/index.jsp?productId=43893976
2015-02-28,Wayland Cardigan,$329.00,http://www.clubmonaco.com/product/index.jsp?productId=53008816
2015-02-28,Yamisella Cashmere Wrap,$349.00,http://www.clubmonaco.com/product/index.jsp?productId=52816966
2015-03-02,Matalin Coat,$299.00,http://www.clubmonaco.com/product/index.jsp?productId=45602436
2015-03-02,Chelsey Calf Hair Coat,$549.00,http://www.clubmonaco.com/product/index.jsp?productId=43893976
2015-03-02,Wayland Cardigan,$329.00,http://www.clubmonaco.com/product/index.jsp?productId=53008816
2015-03-02,Yamisella Cashmere Wrap,$349.00,http://www.clubmonaco.com/product/index.jsp?productId=52816966
2015-03-03,Matalin Coat,$299.00,http://www.clubmonaco.com/product/index.jsp?productId=45602436
2015-03-03,Chelsey Calf Hair Coat,$549.00,http://www.clubmonaco.com/product/index.jsp?productId=43893976
2015-03-03,Wayland Cardigan,$329.00,http://www.clubmonaco.com/product/index.jsp?productId=53008816
2015-03-03,Yamisella Cashmere Wrap,$349.00,http://www.clubmonaco.com/product/index.jsp?productId=52816966
2015-03-04,Matalin Coat,$299.00,http://www.clubmonaco.com/product/index.jsp?productId=45602436
2015-03-04,Chelsey Calf Hair Coat,$549.00,http://www.clubmonaco.com/product/index.jsp?productId=43893976
2015-03-04,Wayland Cardigan,$329.00,http://www.clubmonaco.com/product/index.jsp?productId=53008816
2015-03-04,Yamisella Cashmere Wrap,$349.00,http://www.clubmonaco.com/product/index.jsp?productId=52816966
2015-03-06,Matalin Coat,$239.00,http://www.clubmonaco.com/product/index.jsp?productId=45602436
2015-03-06,Chelsey Calf Hair Coat,$549.00,http://www.clubmonaco.com/product/index.jsp?productId=43893976
2015-03-06,Wayland Cardigan,$329.00,http://www.clubmonaco.com/product/index.jsp?productId=53008816
2015-03-06,Yamisella Cashmere Wrap,$349.00,http://www.clubmonaco.com/product/index.jsp?productId=52816966
